pand_id,bouwjaar,Gebouwtype,tabula_building_type,tabula_period,b3_bouwlagen,Energieklasse,lat,lon,google_maps_url
0503100000024238,1930,Appartement,AB,NL.01,3.0,D,52.01088932000134,4.348220524266191,"https://www.google.com/maps/@?api=1&map_action=pano&viewpoint=52.010889,4.348221"
0503100000002085,1934,Appartement,AB,NL.01,3.0,A,52.02413225359079,4.3564705548586025,"https://www.google.com/maps/@?api=1&map_action=pano&viewpoint=52.024132,4.356471"
0503100000030358,1970,Appartement,AB,NL.02,4.0,E,52.023546258015855,4.35516338497932,"https://www.google.com/maps/@?api=1&map_action=pano&viewpoint=52.023546,4.355163"
0503100000022439,1971,Appartement,AB,NL.02,3.0,C,52.01045815022488,4.361390508079917,"https://www.google.com/maps/@?api=1&map_action=pano&viewpoint=52.010458,4.361391"
0503100000026587,1983,Appartement,AB,NL.03,4.0,B,52.01290468874438,4.362642455860182,"https://www.google.com/maps/@?api=1&map_action=pano&viewpoint=52.012905,4.362642"
0503100000015541,1982,Appartement,AB,NL.03,3.0,B,52.01781854898797,4.358110430533581,"https://www.google.com/maps/@?api=1&map_action=pano&viewpoint=52.017819,4.358110"
0503100000025316,1998,Appartement,AB,NL.04,5.0,A,52.01978716637701,4.360384346743536,"https://www.google.com/maps/@?api=1&map_action=pano&viewpoint=52.019787,4.360384"
0503100000014950,1994,Appartement,AB,NL.04,5.0,A,52.00839358356136,4.357168084657807,"https://www.google.com/maps/@?api=1&map_action=pano&viewpoint=52.008394,4.357168"
1926100000492111,2008,Appartement,AB,NL.05,5.0,A+,52.04412687495724,4.3778781944793135,"https://www.google.com/maps/@?api=1&map_action=pano&viewpoint=52.044127,4.377878"
0503100000033966,2010,Appartement,AB,NL.05,4.0,A,52.00740085529022,4.32121778463905,"https://www.google.com/maps/@?api=1&map_action=pano&viewpoint=52.007401,4.321218"
0503100000037978,2022,Appartement,AB,NL.06,4.0,A+,52.007623239832455,4.36240512825269,"https://www.google.com/maps/@?api=1&map_action=pano&viewpoint=52.007623,4.362405"
0503100000035473,2017,Appartement,AB,NL.06,4.0,A++,52.00860096153514,4.330409831618401,"https://www.google.com/maps/@?api=1&map_action=pano&viewpoint=52.008601,4.330410"
0503100000024399,1914,Woongebouw met niet-zelfstandige woonruimte,MFH,NL.01,3.0,A,52.010419892723405,4.351925619049317,"https://www.google.com/maps/@?api=1&map_action=pano&viewpoint=52.010420,4.351926"
0503100000000806,1959,Vrijstaande woning,SFH,NL.01,1.0,B,52.00893467533378,4.338529979616576,"https://www.google.com/maps/@?api=1&map_action=pano&viewpoint=52.008935,4.338530"
1842100000002938,1951,Vrijstaande woning,SFH,NL.01,3.0,E,52.0091813185394,4.296456276850397,"https://www.google.com/maps/@?api=1&map_action=pano&viewpoint=52.009181,4.296456"
0503100000012839,1973,Vrijstaande woning,SFH,NL.02,3.0,C,52.00954472067533,4.3605252606935405,"https://www.google.com/maps/@?api=1&map_action=pano&viewpoint=52.009545,4.360525"
0503100000002081,1970,Twee-onder-één-kap,SFH,NL.02,1.0,D,52.022821859571074,4.356514897352647,"https://www.google.com/maps/@?api=1&map_action=pano&viewpoint=52.022822,4.356515"
0503100000000236,1976,Vrijstaande woning,SFH,NL.03,3.0,C,52.01125431360166,4.328984340012133,"https://www.google.com/maps/@?api=1&map_action=pano&viewpoint=52.011254,4.328984"
0503100000000237,1975,Vrijstaande woning,SFH,NL.03,2.0,C,52.01164467751871,4.3290221062989565,"https://www.google.com/maps/@?api=1&map_action=pano&viewpoint=52.011645,4.329022"
0503100000014478,2002,Twee-onder-één-kap,SFH,NL.04,3.0,A,52.014966690659776,4.358942703638952,"https://www.google.com/maps/@?api=1&map_action=pano&viewpoint=52.014967,4.358943"
0503100000030627,1993,Vrijstaande woning,SFH,NL.04,2.0,A+++,52.00848319966055,4.326487876127057,"https://www.google.com/maps/@?api=1&map_action=pano&viewpoint=52.008483,4.326488"
0503100000033192,2012,Vrijstaande woning,SFH,NL.05,2.0,A,52.00873521722062,4.326280191011244,"https://www.google.com/maps/@?api=1&map_action=pano&viewpoint=52.008735,4.326280"
0503100000037326,2021,Vrijstaande woning,SFH,NL.06,3.0,A+++,52.01412359882086,4.330459809141312,"https://www.google.com/maps/@?api=1&map_action=pano&viewpoint=52.014124,4.330460"
0503100000027337,1875,Rijwoning tussen,TH,NL.01,3.0,E,52.01528897150161,4.360866322334141,"https://www.google.com/maps/@?api=1&map_action=pano&viewpoint=52.015289,4.360866"
0503100000001813,1894,Rijwoning tussen,TH,NL.01,3.0,C,52.01625141650273,4.353572869147158,"https://www.google.com/maps/@?api=1&map_action=pano&viewpoint=52.016251,4.353573"
0503100000014068,1973,Rijwoning hoek,TH,NL.02,3.0,C,52.01068629246576,4.359094416042975,"https://www.google.com/maps/@?api=1&map_action=pano&viewpoint=52.010686,4.359094"
0503100000021846,1969,Rijwoning tussen,TH,NL.02,3.0,A+,52.01144399289775,4.363617933558457,"https://www.google.com/maps/@?api=1&map_action=pano&viewpoint=52.011444,4.363618"
0503100000032463,1985,Rijwoning tussen,TH,NL.03,3.0,B,52.01485396725446,4.360650315331635,"https://www.google.com/maps/@?api=1&map_action=pano&viewpoint=52.014854,4.360650"
0503100000016799,1980,Rijwoning tussen,TH,NL.03,2.0,C,52.01758414034638,4.355730641457954,"https://www.google.com/maps/@?api=1&map_action=pano&viewpoint=52.017584,4.355731"
0503100000005376,1992,Rijwoning tussen,TH,NL.04,2.0,A,52.01662987373157,4.369682168350477,"https://www.google.com/maps/@?api=1&map_action=pano&viewpoint=52.016630,4.369682"
0503100000028625,1995,Rijwoning tussen,TH,NL.04,3.0,C,52.01371950428001,4.359797556774908,"https://www.google.com/maps/@?api=1&map_action=pano&viewpoint=52.013720,4.359798"
0503100000033808,2012,Rijwoning tussen,TH,NL.05,3.0,A+++,52.019594650000656,4.364332434728765,"https://www.google.com/maps/@?api=1&map_action=pano&viewpoint=52.019595,4.364332"
1926100000551506,2008,Rijwoning tussen,TH,NL.05,3.0,A+,52.03992972218573,4.37729963825657,"https://www.google.com/maps/@?api=1&map_action=pano&viewpoint=52.039930,4.377300"
0503100000037237,2022,Rijwoning tussen,TH,NL.06,3.0,A+++,52.01298386114013,4.372681385662227,"https://www.google.com/maps/@?api=1&map_action=pano&viewpoint=52.012984,4.372681"
0503100000037259,2021,Rijwoning tussen,TH,NL.06,3.0,A+++,52.01245914600938,4.372278850447362,"https://www.google.com/maps/@?api=1&map_action=pano&viewpoint=52.012459,4.372279"
